source_id,right_ascension,declination,parallax,gaia_magnitude,effective_temperature,distance,radius,mass,metallicity,surface_gravity,sep_arcsec
4609075163645333504,268.1834516313715,37.28624545148572,2.6553641903871523,8.979111671447754,10733.061,386.443,2.007,2.5439365,-1.1055999994277954,4.115200042724609,437.993805639316
4609068807093710080,268.18883894945833,37.21341715690294,2.008376108283914,9.37371826171875,5034.549,499.819,8.0348,2.501396,-0.09989999979734421,2.9249000549316406,331.28191793751927
4609075850840326400,268.3191376845887,37.28487121410332,2.641231696088828,9.42231273651123,4535.0,,7.742367,1.2010939,,,266.3332563530588
4609076915992224128,268.2924414551681,37.3269253687834,1.632091218551306,11.482709884643555,5752.0273,548.7523,2.7213,1.5103374,-0.026000000536441803,3.711400032043457,415.75186354267066
4609074369075093504,268.3085180333561,37.27684989198616,1.706427213444127,11.885624885559082,6750.077,574.3807,1.5203,1.3721734,-0.02419999986886978,4.200799942016602,234.3746858882526
4609074442091053824,268.2809934173222,37.2578222758428,1.7592094387406154,12.663818359375,5658.223,532.4429,1.4047,0.99170554,-0.09910000115633011,4.103799819946289,178.61722420899133
4609074682608971776,268.1960466194204,37.22130073400481,0.6723476778668951,12.705594062805176,4746.682,1527.3221,5.9791,1.5720673,-0.1987999975681305,2.8594000339508057,312.4179365677631
4609073823615498880,268.2603024004625,37.22033793032971,0.6477560628973535,12.973540306091309,7304.091,1359.7358,1.9912,1.7222581,-0.8098000288009644,3.9574999809265137,129.9991258307794
4609067604502848512,268.1924889455707,37.145395540095365,0.2703346324703244,13.244370460510254,4566.1274,3004.7344,10.1771,2.9021382,-0.1899999976158142,2.3833000659942627,400.2293515063662
4609075507242953600,268.2216421566026,37.2980491679067,1.8099040078947324,13.255568504333496,5530.7227,536.6369,1.1663,,0.13619999587535858,4.267499923706055,390.5583263842288
4609076022639020288,268.35474796080996,37.32969258123691,3.661054338875889,13.449494361877441,4881.817,265.6078,0.7262,0.7939691,0.09489999711513519,4.617400169372559,448.17967356413936
4609061935146009856,268.29017210520345,37.193373564649576,0.23868955842517955,13.455694198608398,5250.0,,,,,,77.92333136846081
4609060423317488000,268.3477761701925,37.10087850349406,0.7352974308589506,13.597090721130371,6250.0,,,,,,418.3886169357361
4609075472883214336,268.27074315441047,37.322931833370546,0.6879988865304072,13.639976501464844,5750.0,,,,,,411.40741339530763
4609068841453452160,268.1691033924954,37.21024548068744,0.5573645872294897,13.786014556884766,7267.872,1752.683,1.757,1.5655085,-0.4544000029563904,4.078800201416016,387.86507540314125
4609060492036971648,268.32716149662434,37.109261696628934,0.9876283169361926,13.907449722290039,5850.5044,986.5285,1.4146,1.043407,0.3483000099658966,4.2083001136779785,374.98917553673726
4609060732555148672,268.3029558270761,37.126122243739125,1.0142792211677476,14.068683624267578,5545.8667,965.3312,1.5093,0.9557986,-0.05389999970793724,4.048500061035156,308.57310911077946
4609063721852674432,268.3865846848517,37.247095006830214,0.3555507188596137,14.226863861083984,4831.4287,3621.1694,6.9083,1.3624328,-0.2599000036716461,2.8296000957489014,267.67905258015844
4609060904353842048,268.3297078806519,37.15420671825964,0.7657050059752056,14.263795852661133,5233.3936,1453.7657,2.2538,1.0383129,0.04989999905228615,3.7934000492095947,219.80307142293174
4609064031090323968,268.3467395335551,37.26793725137413,0.1565415243958017,14.403885841369629,5010.385,3557.9507,6.1778,2.6015403,-0.07479999959468842,3.0703001022338867,235.6776682918092
4609067776301541760,268.22126084489156,37.17450489570756,0.8993718422690118,14.424403190612793,6000.0,,,,,,273.606906623179
4609075026206375936,268.1609958051098,37.25826997876578,0.49501931684020745,14.439459800720215,5334.1367,1810.108,2.435,1.3498694,-0.3668999969959259,3.6730000972747803,443.64460841023475
4609068875813446144,268.1748257374502,37.23457894532518,0.993802942141254,14.442032814025879,5757.417,959.629,1.1009,0.9742671,-0.21559999883174896,4.286600112915039,380.2802821987798
4609073926694720896,268.2142856477628,37.212145205233405,1.8237022834361276,14.461374282836914,5060.341,543.306,0.8112,0.80434877,-0.3472000062465668,4.512400150299072,258.2809025196939
4609075266724781696,268.2560291605028,37.29294533884844,0.6309797237786435,14.463759422302246,5323.6606,1387.6208,1.8758,1.089959,-0.10140000283718109,4.086999893188477,323.20654946750045
4609073720536543360,268.26662629835016,37.195942470468005,1.1751400569844765,14.589851379394531,5606.9644,807.0544,0.8996,0.96093345,-0.6644999980926514,4.45359992980957,122.40962100759859
4609074098493672448,268.2478521115923,37.25107741823183,1.7837282058135575,14.66592025756836,5088.1973,548.9083,0.7551,0.8584333,-0.04780000075697899,4.579400062561035,214.95910809365225
4609075060566355840,268.1844414309012,37.27285615222996,2.9620022774209613,14.76061725616455,4460.223,323.7184,0.6691,0.6983964,0.49070000648498535,4.664299964904785,407.9206221713757
4609062931578689920,268.38929146618494,37.21496971849429,0.8950038662307797,14.78397274017334,5555.655,1062.691,1.0974,0.89575803,-0.18299999833106995,4.3643999099731445,243.730148577106
4609074716968709888,268.21858598209366,37.238852861012255,0.7153291605955244,14.787712097167969,5772.152,1291.7675,1.2349,0.99262726,-0.5920000076293945,4.277400016784668,264.44979245003776
4609075163645571584,268.1860767011736,37.2785890312361,0.9181864952027017,14.802777290344238,5646.8594,1003.9671,0.999,0.9303221,-0.10570000112056732,4.37060022354126,415.55402966623734
4609062656700781568,268.40328618494993,37.19911220900668,0.7275129529241325,14.906023025512695,5899.7227,1227.6852,1.0735,1.0320725,-0.39309999346733093,4.296999931335449,287.2918705557039
4609062450542357376,268.327877954924,37.230587282826875,0.6189286083345668,14.925121307373047,4932.424,2629.7761,3.5126,0.95151454,-0.21889999508857727,3.3206000328063965,95.40017883595412
4609073857975241728,268.2205229175122,37.206579124441085,1.3639798355629502,14.943544387817383,5167.4995,685.7645,0.7945,0.8278011,-0.058400001376867294,4.526700019836426,241.14661250384125
4609074785688446080,268.1959595611793,37.256192337091726,1.5733423027223714,14.98005485534668,4943.6685,634.5912,0.8,0.784199,-0.13379999995231628,4.529099941253662,349.36912753673187
4609075816480585856,268.3446908478322,37.28488186413947,0.4949211801385375,15.005414962768555,5906.9688,2023.8712,1.7556,1.1134679,0.290800005197525,4.058300018310547,287.2512808173971
4609074957486893696,268.1739166737949,37.2511539292133,0.7065724682232383,15.020469665527344,6029.073,1356.6498,1.1101,1.085949,-0.667900025844574,4.334499835968018,399.82342926140547
4609068772734227712,268.17612755366207,37.210114835554926,0.6243704646669737,15.161202430725098,5788.2783,1324.8105,1.0491,0.99017686,-0.16990000009536743,4.391499996185303,367.7363984398082
4609063481334504448,268.4342783923158,37.25722371317786,0.45343357932352,15.224658966064453,5220.4634,1926.2812,1.9067,1.0631514,-0.03359999880194664,3.8636999130249023,406.6245229086472
4609060869994386944,268.3252437651311,37.14314528156361,0.14650232412466813,15.251998901367188,9132.805,13131.08,4.5495,2.1276343,-0.8234999775886536,3.4746999740600586,254.40881087405486
4609061557188876672,268.2789765934398,37.13988897823238,0.9660998880035548,15.288445472717285,5403.6445,878.9854,0.7909,0.8804895,-0.017400000244379044,4.5945000648498535,269.03463973669045
4609062278743664128,268.3493398697918,37.22796969072868,0.2841407324663063,15.296391487121582,9108.971,3988.6902,1.5814,1.7017615,-0.1606999933719635,4.309500217437744,141.40490212799395
4609061041793076736,268.3795022484186,37.16232714292101,0.8255830253559071,15.30162525177002,5273.296,1145.1791,1.0379,,0.1873999983072281,4.413099765777588,279.622654527846
4609077019071438592,268.3082092419602,37.33416201986124,0.5425686524024301,15.31323528289795,5692.8765,1585.4634,1.2449,0.9767239,-0.09839999675750732,4.199699878692627,440.5340462345466
4609074785688194688,268.20182612393063,37.2531793988992,0.38651942246124743,15.327580451965332,5360.704,1594.01,1.4684,1.1991531,-0.8641999959945679,4.1570000648498535,329.46680784982846
4609076022639020800,268.35126785371284,37.330187172073806,0.3631113062603426,15.335945129394531,6515.9355,1982.8228,1.1742,1.3020374,-0.42750000953674316,4.33489990234375,446.76695537864555
4609061278014874240,268.34997759466023,37.16741208324299,0.271061963730739,15.424947738647461,5287.4624,2001.533,1.8395,1.4901702,-0.2045000046491623,4.086100101470947,206.58320745884754
4609063034657905152,268.4248813654403,37.24303189147478,0.6192637378475336,15.46891975402832,5587.5537,1435.7899,1.0653,0.907482,-0.2921000123023987,4.375400066375732,363.24409354940116
4609062210024185472,268.3591067839042,37.21068135106124,1.9350289255242128,15.563720703125,4475.305,525.7355,0.7156,0.7078862,0.325300008058548,4.603700160980225,156.98730415933088
4609073789255760128,268.2527076171799,37.21245202708727,4.236663753767256,15.60740852355957,3709.7185,235.3717,0.6051,0.57030994,-0.21610000729560852,4.609099864959717,148.13726428523438
4609058086855572608,268.428308875468,37.14155852908738,0.5826887214127078,15.654056549072266,5965.462,1996.0641,1.2901,0.9565148,0.23430000245571136,4.272200107574463,436.3249198294899
4609074579530007936,268.30426469433775,37.285000513941846,0.4442015040515455,15.662689208984375,5691.3984,1811.9971,1.2265,0.98718774,-0.09220000356435776,4.212299823760986,263.4155318625938
4609074785688195456,268.1971370484201,37.251562543182224,0.5089697509259241,15.678645133972168,5499.5347,1648.8556,1.1558,0.93714726,0.1931000053882599,4.2778000831604,339.01722369129294
4609063721852673792,268.38875230911464,37.234412792142415,0.044918051605194256,15.685927391052246,,,,,,,255.1878314447792
4609061866426534528,268.2634086079425,37.17989380123492,0.7243239739238095,15.702920913696289,5623.5674,1152.7728,0.7735,0.98064893,-0.5703999996185303,4.526100158691406,164.36529208141607
4609074029774193024,268.2548643656556,37.235671016764464,0.21459059699254776,15.7095308303833,4915.7075,4254.052,4.0362,1.1302842,-0.23070000112056732,3.2074999809265137,165.8508526840635
4609059633043800704,268.43408098131573,37.17168927735928,0.1691124493702008,15.718297004699707,5482.9272,3167.3406,2.5377,1.6768801,-0.4066999852657318,3.6717000007629395,399.0679753815818
4609074854407921536,268.22928363848683,37.272069601639224,2.047461973935197,15.747132301330566,4536.933,548.0192,0.6487,,-0.388700008392334,4.611299991607666,305.5126578500716
4609060869994101504,268.3221090246279,37.138590682499135,0.8726578295835843,15.85477066040039,5140.7266,1095.2202,0.8426,0.8253411,0.6608999967575073,4.566999912261963,268.5247722113568
4609055853472313984,268.23617633796704,37.136360347613696,0.6181943214757916,15.895513534545898,5394.5005,1454.7596,0.9702,0.86061674,-0.6452999711036682,4.406799793243408,334.7837814104126
4609067913740507136,268.1700079481359,37.17996173210717,4.4038033164034065,15.929494857788086,3591.8948,222.8986,0.5254,,-0.6323000192642212,4.571700096130371,402.02379384510385
4609074304652096896,268.3227371446125,37.25625022159768,0.6987050295838702,16.024904251098633,5318.2593,1419.694,0.9209,0.862424,-0.6050999760627747,4.4355998039245605,168.35615927052893
4609057910760718080,268.39339861443034,37.1099782689693,0.44009802520412816,16.13071060180664,5634.346,1508.9055,0.8172,0.9290798,-0.4388999938964844,4.495800018310547,446.8586110850472
4609064099809799296,268.38295537590113,37.27506656833115,1.0721052415672476,16.160287857055664,4817.6406,952.5809,0.7623,0.7888429,-0.058800000697374344,4.557700157165527,320.22902188874303
4609075301084522624,268.2291284216826,37.2912234613551,1.048577098792487,16.23308753967285,4725.2847,1046.5797,0.8245,0.75877136,-0.3806000053882599,4.490099906921387,358.02191580332317
4609062519261835008,268.32273686354387,37.23780745273665,0.46809575467008196,16.237951278686523,5578.227,1747.681,0.926,0.9085234,-0.8072999715805054,4.43179988861084,107.32128513841653
4609062618044910720,268.42399683821327,37.19351845661906,0.22562956355564817,16.2430362701416,5604.7485,3122.1904,1.6222,1.0202317,-0.3402999937534332,3.9647998809814453,349.2935749507176
4609062759779995392,268.4496773475047,37.21959002440132,0.44084644718283666,16.244203567504883,5632.645,1574.4366,0.8113,0.93017596,-0.445499986410141,4.5015997886657715,417.51704909087556
4609075988279281152,268.33461679947135,37.31075128731145,2.1490248862123162,16.255126953125,4169.789,728.0335,1.0329,0.650165,0.20110000669956207,4.324100017547607,366.5108228788005
4609060938713859072,268.37630190669313,37.13136527524479,0.9138762828107603,16.25994300842285,4898.805,977.9296,0.6931,0.79890394,-0.2125999927520752,4.603099822998047,355.6489458831944
4609063790572152960,268.37006344635193,37.25061229851361,0.41882612291539256,16.294790267944336,5749.0283,1462.7238,0.7103,0.9737611,-0.6851000189781189,4.635499954223633,234.41149739172252
4609067776301543424,268.22479655367516,37.18485960360912,0.31134153195088454,16.313980102539062,5585.6704,2005.8174,1.0213,0.9081943,-0.733299970626831,4.377699851989746,247.98171114816589
4609061144872291584,268.3866948688169,37.16492586946065,0.49950974601486514,16.321786880493164,5183.524,1165.7856,0.7113,,-0.258899986743927,4.61460018157959,290.2678849934429
4609075369803996288,268.26326469257384,37.296075201153485,0.7419068740440968,16.344154357910156,4997.498,1160.2686,0.7448,0.80064964,0.1784999966621399,4.623199939727783,325.3539271569009
4609067638862588160,268.19625825641043,37.152777880531296,0.6462028297544042,16.349029541015625,5382.464,1304.2318,0.7073,0.91308725,-0.5126000046730042,4.598899841308594,375.9601340653953
4609068738374241152,268.151954070579,37.21089384656532,0.3775024269959448,16.366701126098633,6129.4795,2046.8889,0.8887,1.1288984,-0.9359999895095825,4.43209981918335,437.0028627610771
4609062381822880384,268.3043381202998,37.21217019035807,1.965710173494624,16.374736785888672,,,,,,,1.2297339454421723
4609064237248749696,268.42351060387966,37.27255691041631,0.6833005514850312,16.481258392333984,5142.0225,1278.4163,0.7398,0.85298294,-0.13130000233650208,4.5904998779296875,405.435244580686
4609076881632484224,268.2927894306857,37.31757690516161,1.5766519629378377,16.4951171875,,,,,,,382.1336358147585
4609060973073598336,268.37828743414144,37.14487091545411,1.3043285183614717,16.520566940307617,4491.3057,823.9796,0.7162,0.7236246,0.31700000166893005,4.603099822998047,321.02519805146926
4609061552892771072,268.26535633622547,37.14659578392546,0.5507441266622762,16.54192352294922,5347.3394,1352.8441,0.6709,0.89225405,-0.483599990606308,4.665299892425537,260.14084127158355
4609054857039886720,268.2911695519059,37.11196428157602,0.4826281257427647,16.565950393676758,5387.7466,1477.8586,0.7222,0.8699244,-0.4941999912261963,4.577099800109863,361.5044708082001
4609068875813191424,268.17894856574424,37.221477669667756,0.49688795577044254,16.568681716918945,5184.1074,1717.1857,0.9091,,-0.018799999728798866,4.473100185394287,361.24305902057614
4609074132853404800,268.28642547994554,37.22607122843483,1.7366763946968446,16.57193374633789,4480.78,687.9213,0.66,,0.44119998812675476,4.675000190734863,72.63052473828239
4609074716968714112,268.20223924200303,37.240270576234366,0.3298176547312741,16.58073616027832,5740.8438,2144.8777,0.9115,,-0.7046999931335449,4.447199821472168,310.1491605897798
4609055475515179264,268.2631366606364,37.09790346148697,0.11573946649540542,16.60053062438965,5329.5645,2065.1582,1.0853,,-2.065200090408325,4.281700134277344,426.85716158496183
4609063412615026560,268.43857085301545,37.244950818939785,0.46902586214920355,16.624412536621094,4818.672,2139.9392,1.3547,,-0.5404999852180481,4.173299789428711,402.731184910324
4609075026206373376,268.16468585030304,37.25385290135438,0.6449945796994271,16.631357192993164,5184.019,1311.5792,0.672,0.8637409,-0.5109999775886536,4.626800060272217,428.001462578822
4609060560756444032,268.36740021031494,37.12556626833541,0.47385663863133426,16.64372444152832,5145.871,1740.6987,0.9187,,-0.9286999702453613,4.41480016708374,359.35110710957895
4609074339011837184,268.29399286150993,37.255119090059694,0.5844123276308563,16.677461624145508,5223.213,1705.7504,0.8467,0.8683243,-0.4162999987602234,4.48829984664917,158.65552981403306
4609073789255763200,268.25422898100703,37.22541311668446,0.10741954398942302,16.685810089111328,4801.998,2532.0342,1.6437,,0.03310000151395798,4.118299961090088,151.83621257540673
4609061076152814208,268.3868087200385,37.15801898316441,0.23711185378082872,16.752079010009766,5622.506,1825.454,0.751,,-0.5521000027656555,4.564199924468994,305.6633931677042
4609064202889017728,268.37186983074014,37.3066532661566,0.3711618207701061,16.753238677978516,5695.906,1837.3912,0.7323,,-0.8220000267028809,4.5605998039245605,392.3451427513696
4609064237248750976,268.4106668076157,37.27410022576572,0.29139270539227274,16.757518768310547,5605.3887,2114.528,0.8668,0.9770699,-0.6155999898910522,4.477099895477295,378.22536064937793
4609060698195408768,268.3182519495896,37.12904082599049,0.4811517230955376,16.795028686523438,5427.1455,1617.0841,0.6973,0.9155615,-0.38749998807907104,4.647900104522705,300.6878981344523
4609074854408028416,268.2343592045922,37.2585721475891,2.8681278700842365,16.795686721801758,,,,,,,261.8820311575507
4609068772733971072,268.1725030974194,37.19764006997911,0.4724221093443291,16.79688835144043,5602.057,1727.7461,0.6929,0.9748605,-0.7914000153541565,4.617300033569336,381.5424704359729
4609061415453837568,268.3716096549286,37.19013175026346,0.3476181469464737,16.84933853149414,5570.216,1742.6329,0.7014,,-0.8032000064849854,4.588900089263916,208.02790706893109
4609062106944971776,268.30968331472553,37.1916484759667,0.40700380940386294,16.873687744140625,5476.631,1890.8325,0.7654,,-0.22050000727176666,4.596399784088135,74.23191626539355
4609062381822880768,268.30169441345697,37.21094815752477,1.0340585346515334,16.882780075073242,4436.9834,852.8552,0.6595,0.7072362,0.2433999925851822,4.664599895477295,8.303208008179919
4609067776301544832,268.2175107849896,37.18198099487157,0.6221490098107633,16.893571853637695,5051.359,1372.361,0.6682,0.83497894,-0.350600004196167,4.635200023651123,271.27138942323563
4609073892334980864,268.22581429029555,37.21481521729371,0.23143763117987184,16.963354110717773,5339.302,2206.4858,0.9219,0.8995474,-0.8241999745368958,4.424699783325195,225.4775264358905
4609054788320404736,268.2922208604923,37.09234412313621,0.12904704256951394,16.967443466186523,5046.154,2101.908,1.0028,,-1.2141000032424927,4.339200019836426,431.558036857023
4609061007433337984,268.36742836885134,37.147661153401586,0.3270590608487318,16.96804428100586,5299.63,1611.5691,0.6704,,-0.48899999260902405,4.658599853515625,293.38846325085973
4609063721852674560,268.37892103477157,37.24175916743169,0.37213069331441967,16.990327835083008,5387.2734,1719.7347,0.6905,,-0.60589998960495,4.6082000732421875,239.32424630311797
4609074339011838592,268.294737993383,37.26844810051642,0.2278808412185961,16.99055290222168,5634.9434,2022.887,0.7358,,-0.6096000075340271,4.582300186157227,205.6877694570645
4609064512126661248,268.39079010895466,37.30362899523337,0.36541172475126527,17.03634262084961,5511.104,1957.139,0.731,,-0.47999998927116394,4.593599796295166,412.95359668512293
4609074407731316864,268.26450075090304,37.25851527477535,0.22686425282511852,17.058809280395508,5279.147,1688.1824,0.6875,,-0.5282999873161316,4.609799861907959,203.23767735283195
4609059564324431360,268.444476818188,37.15859786215589,1.2376859524567507,17.101137161254883,4103.351,926.7871,0.9194,,0.17260000109672546,4.389900207519531,445.19021135779957
4609064336031866624,268.4185853372424,37.288336267545574,0.6860255423601217,17.121871948242188,4704.035,1132.6376,0.5969,0.7616391,-0.5121999979019165,4.6915998458862305,427.7613451900989
4609063206456596096,268.4463620677442,37.2429829885766,1.7795745217324446,17.129777908325195,3734.8262,499.5707,0.5686,0.57345665,-0.9807000160217285,4.475100040435791,422.1826187568366
4609074442091053952,268.2764105692684,37.254601615859485,0.3259386159653165,17.148067474365234,5625.6426,1916.3676,0.6522,,-0.8296999931335449,4.684100151062012,173.58607116742013
4609061591548619264,268.2776669278133,37.15984798182599,0.2906914855939148,17.152517318725586,5500.9595,2086.868,0.7369,,-0.3287000060081482,4.619800090789795,202.1996216711179
4609068807094131200,268.1905736181295,37.21262046038795,0.43738714235946785,17.16372299194336,,,,,,,326.2734168677719
4609067879380769024,268.16504901464214,37.17707760654782,2.5120529282192825,17.171735763549805,3581.3567,454.9214,0.6219,,-0.3702999949455261,4.535999774932861,418.6647083465927
4609075949623213696,268.3596161946808,37.305496114120636,2.0763160363358892,17.209440231323242,3913.994,491.6155,0.4899,0.53962004,-0.3361000120639801,4.757900238037109,372.5056154533031
4609058121215312000,268.4085393853944,37.14672880382539,1.264474925680695,17.22556495666504,4186.253,1015.2633,0.926,0.6584786,0.3905999958515167,4.428899765014648,379.7358733492892
4609075782120848384,268.3276588491785,37.28126655119745,0.6439828209264178,17.243013381958008,4639.87,1391.9857,0.7382,0.74999005,0.14810000360012054,4.582300186157227,258.728603072519
4609068669654754816,268.1696810218192,37.19200480779311,0.04183781744714594,17.257680892944336,5362.761,2594.1055,0.9391,0.91017795,-1.00600004196167,4.408599853515625,392.7525741560981
4609067703285944576,268.23378177027416,37.162867761099164,0.32776505684270213,17.294450759887695,5013.7,2040.3829,0.8513,0.81417376,-0.8745999932289124,4.4552998542785645,268.4282102571946
4609074403434962304,268.26394721839694,37.24945499106026,0.774231299485097,17.300174713134766,4546.949,1197.8989,0.6986,0.7284617,0.5157999992370605,4.632900238037109,178.248036793877
4609067776301542528,268.22490571546746,37.179502957984816,0.3401915613783838,17.32587242126465,5281.959,2019.8054,0.7218,,-0.2687999904155731,4.618000030517578,255.8756533602377
4609075507242954880,268.21753883370195,37.30112582526232,0.45526825752765687,17.341211318969727,5038.638,1624.0831,0.6462,,-0.39899998903274536,4.675300121307373,406.50255992191023
4609054852743775872,268.2882380171657,37.10807972702906,0.09514710109420638,17.351356506347656,5245.166,1518.5186,0.5603,,-1.611899971961975,4.715099811553955,376.356422304079
4609061625908353280,268.29930009386095,37.15576720920547,0.08802670615097843,17.360645294189453,5113.318,1588.4578,0.6214,,-0.6596999764442444,4.6855998039245605,202.34782753891264
4609067943804119040,268.19093442231616,37.17682605001451,0.5306977378198069,17.37427520751953,4901.6973,1955.9232,0.8306,0.8053513,-0.2029000073671341,4.5019001960754395,348.8576792733231
4609076091358498048,268.3260572636706,37.31374474234703,0.062092732073232584,17.37606430053711,5008.8335,2227.6233,0.9163,0.83498645,-0.6721000075340271,4.4232001304626465,372.11874235665545
4609064512126659968,268.3999514648111,37.292576972486614,0.24575034289057887,17.383563995361328,11251.809,14358.869,1.4374,,-1.0749000310897827,4.380099773406982,399.3947994813803
4609062003865489024,268.2822991361366,37.19758375627273,2.240975399692825,17.384973526000977,3631.9045,437.2256,0.4943,,-0.6140000224113464,4.634300231933594,81.4573692716211
4609060904353843584,268.3315863272475,37.164378385746375,1.763893803842052,17.39670181274414,3721.5615,534.9177,0.5834,0.54780996,-0.3328000009059906,4.622600078582764,187.81183242085012
4609061969505749120,268.2809033595073,37.19244317859459,0.22425677064844074,17.417625427246094,5574.967,2386.1184,0.729,,-0.5828999876976013,4.589900016784668,96.94758167314089
4609075507242954752,268.2145127284356,37.298035791420546,0.3087009177596243,17.452877044677734,5773.2866,2661.537,0.7379,,-0.5188999772071838,4.626699924468994,403.2475979436343
4609063962370845184,268.35395108304,37.24367888082206,0.5203257302508975,17.460100173950195,4705.8613,1475.1862,0.6601,0.76022875,-0.19920000433921814,4.638299942016602,182.60455609737932
4609067776301543168,268.21778915129005,37.178171555336746,1.0244690999667818,17.470489501953125,4034.6812,747.9659,0.565,0.5993693,-0.17810000479221344,4.701499938964844,276.27811641817243
4609073716240176512,268.2663786667651,37.20146457047779,1.9109580172953808,17.47585678100586,3675.728,619.8596,0.6745,0.539726,-0.4634999930858612,4.490900039672852,115.14631325335847
4609062755483873280,268.44608007570474,37.21446702180118,1.3217559924982185,17.47795295715332,3684.1018,796.1375,0.7078,0.5735062,-0.7856000065803528,4.351799964904785,406.39296835950677
4609068738374239744,268.1553621649256,37.209976109323826,0.4031177728793114,17.482559204101562,5109.2466,1954.692,0.7034,,-0.22759999334812164,4.62529993057251,427.2733180712617
4609057571459200512,268.3561919450189,37.09529377614847,1.473934103017036,17.485183715820312,6003.618,1134.725,0.8735,,-0.49219998717308044,4.495999813079834,445.0988569208347
4609062622341039872,268.434525821786,37.187046537094474,0.7257187876208935,17.485841751098633,4273.3086,1140.3153,0.8274,,0.2946999967098236,4.509900093078613,383.739429651632
4609074407731315840,268.26053631422604,37.249062174427266,0.1000539139732123,17.50323486328125,6112.121,3229.6008,0.8043,,-1.4731999635696411,4.485300064086914,183.71871584862666
4609055574298280960,268.2678561959152,37.106755975512094,0.21290729242185658,17.526805877685547,5200.903,1842.903,0.6199,,-0.7059000134468079,4.694699764251709,392.504073567356
4609074820047928704,268.21945774704915,37.252208017580884,2.0420304718164117,17.5653018951416,3780.2073,479.9869,0.4421,,-0.4657000005245209,4.807700157165527,283.4898732040231
4609062480605747328,268.33707001610156,37.2451806899182,1.2116530274526696,17.569839477539062,4092.4897,1193.4603,0.9993,0.6388479,0.42160001397132874,4.338600158691406,152.31783474990502
4609067845021024384,268.1926060707268,37.1722377632007,0.4089065724567899,17.576608657836914,5055.745,1898.0178,0.6673,,-0.243599995970726,4.660999774932861,350.7816374484909
4609062137008347520,268.32007749311293,37.20286246642418,0.37330894643508167,17.583898544311523,4905.609,1560.5343,0.5927,,-0.7476000189781189,4.685800075531006,55.40995798992689
4609074098493672064,268.25164503500883,37.25077341330647,0.30958995472767153,17.60654640197754,5404.849,2150.739,0.6367,,-0.7576000094413757,4.689700126647949,206.14366281463236
4609074613889750400,268.27135898449745,37.28624923262328,0.592031281156279,17.639331817626953,4465.6304,1397.3882,0.6645,0.71432495,-0.08820000290870667,4.61329984664917,284.1219139222228
4609073926694724608,268.203737480907,37.21557990614958,0.25003958583664404,17.644582748413086,5402.87,2316.9292,0.6833,,-0.7382000088691711,4.6128997802734375,288.8297022711898
4609067600206719360,268.18824179733963,37.137066051530276,0.9633523332716111,17.658660888671875,4379.1553,1218.5311,0.735,0.6955334,0.3181000053882599,4.584700107574463,428.2584383588311
4609074781392081536,268.19569313716556,37.24613700005182,0.24920106063094566,17.65989875793457,5653.3267,2645.2024,0.6906,,-0.583299994468689,4.659999847412109,335.10417172487195
4609074476450796288,268.2505474623955,37.263671108972765,0.5741046090044635,17.69002342224121,4987.5493,1677.745,0.5831,,-0.742900013923645,4.709099769592285,242.1302940014489
4609076881630676736,268.29255002890676,37.31728283229433,1.2600976688286873,17.716766357421875,,,,,,,381.139322809813
4609074231636269568,268.29311344465276,37.24709821698104,0.20619138151577654,17.737619400024414,5334.769,5410.6055,1.6004,0.9486591,0.12839999794960022,4.011000156402588,131.0031842400465
4609074751328455168,268.18348712050096,37.23398147145569,0.26112987755745876,17.77484703063965,5045.561,1875.3517,0.6063,,-0.7059999704360962,4.69379997253418,355.58690685007394
4609075198005310336,268.1993175593691,37.29518763372308,0.43209610050621,17.777116775512695,5269.1084,2301.4443,0.6708,,-0.536300003528595,4.6427001953125,425.0535605063249
4609061621612252544,268.3103696701731,37.159249133551874,1.128844829042112,17.786487579345703,3713.9426,655.5115,0.4829,0.5817545,-1.2799999713897705,4.438600063323975,190.06995438284457
4609074201572884096,268.2740627349344,37.24372781992167,1.4266744455752232,17.78741455078125,3754.6335,483.3801,0.3898,0.52994394,-0.6449999809265137,4.86929988861084,143.99389205592743
4609061415453840000,268.36624417890704,37.197111689900076,0.5268639758262982,17.793655395507812,4747.0317,2145.906,0.8102,0.7737419,-0.5077000260353088,4.491700172424316,185.15526852537786
4609061037496703360,268.369086032754,37.1627233678945,0.18566007036305562,17.802579879760742,5687.875,2546.6172,0.6249,,-1.225100040435791,4.704899787902832,256.32112849569
4609067806365154944,268.17505881806386,37.1517777192796,0.23605700633197113,17.827634811401367,5308.849,2292.1943,0.6451,,-0.7749999761581421,4.650400161743164,429.29889868035383
4609062858563082240,268.39140426222065,37.200013985976575,0.5570202040630503,17.845849990844727,4696.0522,1499.16,0.5566,0.7591819,-0.8877999782562256,4.694799900054932,253.14917767117373
4609074957484647552,268.1731766138464,37.251469935689656,0.6469782988790905,17.853134155273438,,,,,,,402.2094389921745
4609074403434958720,268.26513866629404,37.24050020134627,0.3366826859032557,17.856700897216797,5387.013,2544.7737,0.6783,,-0.4715000092983246,4.660999774932861,152.6440504608883
4609062240087567232,268.34438200576665,37.21192113814184,1.0971416484139367,17.877159118652344,4075.285,859.6797,0.5778,0.58889115,-0.11779999732971191,4.6971001625061035,114.71528783701622
4609067875084635008,268.1603943382417,37.162369388783866,0.33989905971777135,17.889934539794922,4768.049,1605.1887,0.5714,,-0.6965000033378601,4.717299938201904,449.6778120132783
4609063477038403072,268.42809278093944,37.27291495483924,0.2568339472668772,17.892309188842773,5688.4404,2889.0361,0.6788,,-0.7684000134468079,4.652299880981445,417.23202181321244
4609063446974765824,268.4428300770811,37.2608615898071,0.025781352165892307,17.892580032348633,5884.5586,2961.5168,0.6598,,-1.1747000217437744,4.680099964141846,434.3285848937183
4609075472883320576,268.26728648742755,37.31923041981758,2.8129792154843716,17.902671813964844,3374.5984,399.06,0.5211,,-0.24040000140666962,4.594299793243408,400.9752909139056
4609061243655136512,268.3713458695408,37.16963311098906,0.3360889740384287,17.909366607666016,4706.0137,1719.8821,0.624,,-0.43639999628067017,4.644100189208984,244.8853417961662
4609061346734587136,268.3808617716303,37.18498077263094,,17.913963317871094,,,,,,,239.69542677488587
4609068665359421952,268.168911682403,37.191612075269674,0.9521761693029096,17.926973342895508,3838.9211,738.6403,0.4812,,-0.38089999556541443,4.767300128936768,395.1810240156065
4609067570143108352,268.2037957659492,37.14701783955769,0.37562300989437636,17.940502166748047,5554.1846,2296.5916,0.5732,,-2.6572000980377197,4.741000175476074,371.02388410764473
4609057979480200320,268.37569312963143,37.12194539345693,0.37175122461643584,17.943614959716797,5161.1855,2323.4736,0.6574,,-0.5016999840736389,4.644800186157227,382.84485866044304
4609075472881410688,268.271814822608,37.32329224549137,0.6539419081211344,17.94540023803711,4276.4697,934.8768,0.4729,0.67065066,-0.9509999752044678,4.797500133514404,411.9629193867533
4609062691060519552,268.4161047681378,37.206984169910555,0.7226866144429428,17.952314376831055,4233.0156,1324.4833,0.6425,0.6676231,-0.017000000923871994,4.625699996948242,320.8330364019639
4609075777824506240,268.32989421143463,37.26854308858858,0.22344840847305886,17.957773208618164,5655.8535,2548.4534,0.5981,,-1.4946999549865723,4.730100154876709,216.8772749303009
4609067845021025920,268.1879540805713,37.174435914954344,0.1367413712683054,17.96654510498047,5333.062,2827.5159,0.7293,,-0.17190000414848328,4.627200126647949,359.97423231065727
4609061896490168448,268.28735151720133,37.17842564098619,0.24865501142730775,17.969633102416992,5084.888,2141.0896,0.6285,,-0.7930999994277954,4.645400047302246,129.78081619039122
4609061655971993856,268.31775924009554,37.1634539995275,0.2966985223313453,17.98348617553711,5701.8813,3060.0935,0.6793,,-0.7421000003814697,4.666600227355957,178.3349970000315
4609068669654756224,268.16023381623563,37.18830505934872,0.1577913689171887,17.9837703704834,5130.217,2288.5242,0.6358,,-0.48730000853538513,4.6875,421.900221786845
4609062927282566144,268.38846284919987,37.21798170177197,0.412803959258714,17.98995018005371,5024.079,2113.95,0.6216,,-0.5439000129699707,4.6880998611450195,242.10255859840126
4609061621612249856,268.30385272077353,37.1511134354822,2.578654649124235,17.990901947021484,3528.7297,376.8064,0.3834,,-0.5490000247955322,4.787499904632568,218.583173637672
4609067978163864192,268.2057422038479,37.19290514788204,1.6637979544024393,18.004987716674805,3673.7673,538.4054,0.4469,0.51633376,-0.5550000071525574,4.746600151062012,290.89915628875764
4609061557188878208,268.28112288820415,37.149624285649146,0.37212241593415984,18.008886337280273,5162.7104,2272.04,0.6284,,-0.8496999740600586,4.647200107574463,233.65561596110823
4609061278014875008,268.34382376902016,37.170653646040186,0.23792208055574657,18.02003288269043,5019.993,2162.2058,0.6366,,-0.5766000151634216,4.650000095367432,186.4804976170389
4609074613889750528,268.2774278464143,37.29150924005499,0.2947075224847819,18.0267333984375,5261.7896,2033.8787,0.5392,,-1.9637000560760498,4.747399806976318,297.05521457001566
4609068875813194368,268.1750324101593,37.22867387767333,0.3290171710662843,18.028398513793945,5705.789,3295.3816,0.7126,,-0.5763999819755554,4.6427998542785645,375.7047989525487
4609061587252510208,268.2860348108659,37.148231519145504,0.35846929814234274,18.06317710876465,4709.989,1949.563,0.6562,,-0.027499999850988388,4.668099880218506,234.91575595273417
4609060423317487232,268.3509139155111,37.09907597576585,0.19894522273139467,18.081708908081055,4781.984,1402.7731,0.4656,,-1.562000036239624,4.824900150299072,427.31577172297034
4609076331876663040,268.3672022591251,37.31971624016626,0.511336677847655,18.08236312866211,4223.679,1313.0042,0.6164,,-0.01269999984651804,4.655399799346924,428.0805766564112
4609074648249487104,268.2859023231677,37.28872029319411,0.38930675889689836,18.084009170532227,4981.5728,2024.3234,0.5819,,-0.7551000118255615,4.722400188446045,281.8203193860084
4609061655971999744,268.32139105129164,37.177217721801064,0.24371665503879608,18.15209197998047,5781.6787,2981.0486,0.6238,,-3.0578999519348145,4.681300163269043,133.82157958933675
4609054784024297856,268.29985476786567,37.105264791416275,0.451244917049103,18.157594680786133,4967.1733,2008.688,0.5672,,-0.8396000266075134,4.714700222015381,383.8519704656004
4609062278743664256,268.3524240353431,37.23244569004534,0.21320824064110544,18.162851333618164,4788.7827,2038.7002,0.6257,,-0.4975000023841858,4.644199848175049,156.47429782937078
4609064198592915584,268.38089639848823,37.296327961166526,0.5644214368436105,18.167842864990234,4073.9204,1463.9296,0.9537,,0.2304999977350235,4.358799934387207,374.9908813015539
4609067909444382080,268.1655964993456,37.180351667672326,0.3931046765305253,18.181852340698242,4444.5337,1266.1041,0.4778,,-1.0156999826431274,4.799200057983398,413.77640847925784
4609061381094329856,268.3891008444614,37.19563795422153,0.14044801211680646,18.18378257751465,5747.469,3168.504,0.6424,,-1.069700002670288,4.6946001052856445,249.8471575508123
4609067741941802496,268.2151508700865,37.16513571021822,1.4291970499545494,18.194339752197266,3958.0671,814.2849,0.4344,,-0.8449000120162964,4.799200057983398,306.153827190343
4609061278014876288,268.3434696355176,37.173266076451924,3.702085955696612,18.197959899902344,3280.4976,271.157,0.3272,,-0.07320000231266022,4.930500030517578,178.45449372514057
4609062892922829056,268.41306400500974,37.219920784674805,0.34235973652260493,18.210933685302734,4935.2383,2146.2888,0.6045,,-0.7501999735832214,4.66480016708374,312.9718872234476
4609061621612257152,268.30917480133235,37.16698312855775,0.40741105276064016,18.212329864501953,4735.8335,1836.3989,0.5742,,-0.8294000029563904,4.679299831390381,162.03406413213207
4609059663107403520,268.43956542998745,37.17503041095976,0.3446785457057899,18.218767166137695,4478.569,1371.8811,0.4918,,-2.0906999111175537,4.657400131225586,409.71443032330035
4609062961642308864,268.3941610365437,37.22504135896278,0.44909604185613483,18.220108032226562,5235.56,2565.4312,0.6117,,-0.8198000192642212,4.698200225830078,261.76892987778587
4609061110512551424,268.4050918477734,37.16163713766162,1.7033039123583467,18.224044799804688,3599.71,853.3441,0.7859,,-0.3091999888420105,4.392000198364258,340.72787931717687
4609062033929123328,268.33308607930746,37.18044296670717,0.6245608222416213,18.229175567626953,4248.103,1324.6432,0.5656,0.669958,-0.271699994802475,4.709000110626221,139.81416546560285
4609074437794708352,268.2784547266044,37.26369404561709,0.5728695914100439,18.230958938598633,4435.654,1619.4232,0.6023,0.6997609,-0.33889999985694885,4.670100212097168,200.9439158532685
4609074918831048064,268.22214738936987,37.276805917914295,1.6531224281149377,18.23154067993164,3657.6118,1195.3999,0.979,,-0.29339998960494995,4.245699882507324,332.02571418833185
4609059766186628608,268.45365088656337,37.198348775630954,0.5505034119711945,18.233064651489258,4850.558,1977.9347,0.5644,,-0.805400013923645,4.72730016708374,430.7757750922036
4609075129286422272,268.20688288695675,37.28683835219143,0.10176234096429655,18.236305236816406,5360.9453,2711.3232,0.6177,,-0.8097000122070312,4.705599784851074,388.53741058268986
4609062347463141632,268.3247903119173,37.21584161109815,0.08091630672624857,18.242996215820312,5644.166,2988.217,0.6144,,-1.4867000579833984,4.701200008392334,60.298164030619866
4609062961642308992,268.3960795125907,37.22562996594502,0.2693080585008385,18.248350143432617,5351.8413,2730.0334,0.617,,-0.8654000163078308,4.703000068664551,267.5634836804802
4609067737646486144,268.2051049193066,37.175520290020046,0.0797682029658802,18.25168800354004,5489.704,2607.8103,0.5779,,-1.965399980545044,4.719600200653076,313.2450921479775
4609074064133679360,268.22465277950636,37.23781022281218,0.2319318459781397,18.25172996520996,5530.8228,2888.5208,0.6127,,-1.0484000444412231,4.7154998779296875,246.9163228493136
4609060388957750784,268.3318432371807,37.09313879035257,0.7602723870891114,18.27073860168457,3903.0059,866.5293,0.5243,,-0.40470001101493835,4.718699932098389,434.4971871341832
4609062141304709888,268.3282249928907,37.20429026489526,-0.10184749952845727,18.277366638183594,6135.223,3703.8477,0.6504,,-2.3041999340057373,4.698500156402588,73.58374214070997
4609076327580339456,268.3771469814822,37.31426676681437,4.052696430702239,18.27770233154297,3447.6772,243.3919,0.2231,,-1.4753999710083008,4.706600189208984,423.6407587088865
4609073647520691968,268.2284535081189,37.18504630704752,0.30304088887117286,18.29152488708496,6045.688,3473.7317,0.6283,,-3.905600070953369,4.71589994430542,238.0944581170199
4609055952255421952,268.24445363410985,37.161876283884006,0.9131444961028402,18.304540634155273,4022.409,875.3531,0.4191,,-0.9387000203132629,4.844699859619141,248.73543357498514
4609063511398140288,268.43540754676826,37.270239671086586,1.4400777668356526,18.325448989868164,3561.423,525.1069,0.3933,,-0.6715999841690063,4.720600128173828,430.40688149065846
4609061110512551296,268.40938045817205,37.16447396298569,0.426765184647866,18.330747604370117,4695.2065,1926.9106,0.5825,,-0.5979999899864197,4.682199954986572,346.0679867476177
4609063820635779072,268.3917592290503,37.253391029323936,1.5333995227293054,18.33917808532715,3577.7253,577.7795,0.4651,,-0.054999999701976776,4.78439998626709,291.76409316120004
4609061724691475584,268.3043103530821,37.17634979965949,0.17890114648250183,18.35020637512207,5455.7812,2915.249,0.6068,,-1.0055999755859375,4.716700077056885,127.72733160355368
4609075782120848512,268.3313656276883,37.284532426043725,2.064313636468207,18.356096267700195,3375.6785,534.2855,0.493,,-0.4634000062942505,4.526899814605713,272.9232690664341
4609060968777449088,268.37967202910426,37.1492428716639,1.230691843573305,18.37308120727539,3613.0679,893.0921,0.627,,-0.7623000144958496,4.398600101470947,312.11245617289734
4609075880903736448,268.33257248448973,37.30645944976464,0.11201005540110005,18.394142150878906,5349.8496,2725.6726,0.5882,,-1.2177000045776367,4.716300010681152,350.1198349595362
4609057915054211072,268.3931541431278,37.10942283546086,0.3094133362953647,18.408601760864258,,,,,,,448.10224817030763
4609062411886261888,268.3072864446657,37.22138556493475,0.28453244491473595,18.410266876220703,5081.693,2257.9546,0.5345,,-1.3131999969482422,4.768499851226807,35.402578309658075
4609054784024295552,268.29611308598857,37.09819776145619,0.29323778061444145,18.41923713684082,4652.585,1867.8933,0.5616,,-0.6593999862670898,4.723100185394287,409.7600937240761
4609068768437847296,268.1785539307757,37.19499772852596,0.6713448547703602,18.425119400024414,3652.6775,841.4214,0.4992,,-0.7800999879837036,4.587600231170654,365.8174782334302
4609062618044913536,268.42538085359433,37.199561025695225,0.840850276094747,18.427261352539062,3561.603,1218.8135,0.8273,,-0.5594000220298767,4.234300136566162,349.77123105404695
4609075369803997312,268.25766036800775,37.29857306003634,0.6800297042688923,18.435169219970703,3993.0195,1047.8065,0.4534,,-1.1789000034332275,4.728799819946289,339.75116728659236
4609063992434243072,268.3663238591493,37.25770308260804,1.4502093261614826,18.440488815307617,3530.6868,564.5688,0.477,,0.008700000122189522,4.757900238037109,242.49462444461255
4609076881630676864,268.2927152443352,37.317889080345076,0.12525248816497572,18.446578979492188,,,,,,,383.2716884034707
4609063477038397312,268.4299679513846,37.25894131255261,0.4654529114704383,18.447620391845703,4415.3794,1596.0432,0.5256,,-0.5884000062942505,4.74560022354126,397.93486077046276
4609055780456716928,268.2164939647986,37.12384703781539,0.45342286683584776,18.455129623413086,4683.033,1682.6697,0.4785,,-1.2527999877929688,4.810100078582764,404.8135059300468
4609061999569392000,268.2795605380153,37.19943299483231,0.2558230720409224,18.45595359802246,5324.9526,2967.9084,0.6259,,-0.9125000238418579,4.661200046539307,83.9775622372987
4609073716240175232,268.2617883074226,37.19904042988678,0.4303421196339701,18.469589233398438,5177.833,2478.1733,0.5516,,-1.138200044631958,4.754700183868408,130.4886995867112
4609057979480196736,268.3866345575669,37.11572303098419,0.4293087475555572,18.470008850097656,4550.3726,1908.6464,0.587,,-0.8131999969482422,4.654600143432617,418.8116692439022
4609062171368086144,268.35301297418675,37.202442019629174,0.4515689561269668,18.483230590820312,5437.876,2941.0862,0.587,,-1.3517999649047852,4.725200176239014,143.50516448601684
4609060625179828224,268.3505425991339,37.124940209383716,0.273002076349212,18.498939514160156,5057.408,2636.353,0.6063,,-0.6169999837875366,4.693399906158447,339.6894770558733
4609055849176199808,268.243692742731,37.14202599187446,0.4776927227974601,18.502561569213867,4190.109,1497.6711,0.5869,,-0.18440000712871552,4.690700054168701,305.6806621563081
4609061209295391360,268.34677965207726,37.1558908624517,0.23586098393923943,18.508419036865234,5012.5527,2298.139,0.5436,,-1.111299991607666,4.753799915313721,235.2626557350346
4609074751328458880,268.18635011060053,37.248769139565255,0.7423532662469376,18.525733947753906,3838.2153,868.4037,0.4088,,-0.8586999773979187,4.8165998458862305,363.48822262968304
4609074369075232384,268.30817624916347,37.26582899761302,0.28928875747784105,18.554489135742188,4911.72,2078.623,0.505,,-1.3356000185012817,4.792900085449219,194.70363287200632
4609060796978523008,268.33029763918665,37.134666475160536,-0.0043638878347662564,18.559919357299805,4974.3174,2086.6985,0.4977,,-1.5673999786376953,4.7993998527526855,287.5707521548113
4609074128557049344,268.28260633270685,37.23353561043831,0.39464167014009277,18.570390701293945,4321.855,1810.7352,0.6228,,-0.02759999968111515,4.67519998550415,99.99355883245579
4609062446246000768,268.33438183698587,37.222024451600205,0.1094063270992259,18.587509155273438,5535.987,3442.1965,0.6221,,-0.9157000184059143,4.707200050354004,93.53897935428422
4609057567163329536,268.371842676919,37.09953983626775,0.026108570373697463,18.589218139648438,5202.748,2912.4673,0.5928,,-0.8130999803543091,4.717299938201904,448.20704536298877
4609074545170271104,268.2865603790209,37.28037699824392,0.8503225766312148,18.591156005859375,4113.9385,1361.9988,0.6571,,0.4016999900341034,4.644599914550781,251.99374477720085
4609062102648601216,268.31978639409,37.183861614082026,0.38363621663314684,18.597177505493164,4266.9673,2121.1877,0.782,,0.03420000150799751,4.5258002281188965,109.96171015621223
4609067703285952256,268.2307763441229,37.17973918939615,0.2033056633329545,18.600305557250977,5342.474,3127.4019,0.6052,,-0.9050999879837036,4.714399814605713,240.5944654936568
4609069047611890816,268.15885644981813,37.2303321822586,0.049195459877514086,18.609081268310547,6073.402,4188.264,0.6447,,-2.3808000087738037,4.698400020599365,422.4310593260745
4609064301672130048,268.4068198315902,37.294921646136174,0.13419557846628125,18.610755920410156,5351.9766,3291.7166,0.63,,-0.8148999810218811,4.684199810028076,419.11876059311544
4609054822680146304,268.2802359533052,37.09284484105217,0.09328397805887662,18.610788345336914,5480.8657,3277.97,0.5969,,-1.093400001525879,4.720600128173828,433.9067500574338
4609060659539560576,268.310398934785,37.10858649157223,0.13750773082695317,18.619909286499023,5154.3164,2567.8406,0.5382,,-1.429800033569336,4.765399932861328,372.077308210329
4609068871517078528,268.174317000673,37.23239841225724,0.6821463763207463,18.625905990600586,4225.906,1245.9222,0.4282,,-1.0750000476837158,4.847400188446045,380.102909289106
4609063820638753408,268.39216311177296,37.252700483969384,0.6604580533084392,18.63243865966797,,,,,,,291.49684049650824
4609064061153721600,268.3529842839578,37.26374482975585,0.16212139646911886,18.636749267578125,5339.381,3384.6023,0.6397,,-0.6276999711990356,4.6894001960754395,233.11496920869814
4609074128557048192,268.2823502220829,37.231030036958515,0.4118155801264285,18.64031410217285,6145.3423,4434.037,0.6498,,-2.2320001125335693,4.69980001449585,93.60913425566086
4609067776301543680,268.2188044253533,37.18061395885389,0.34134421764498823,18.64076042175293,4602.547,2238.5461,0.6119,,-0.7258999943733215,4.6367998123168945,269.88304259985034
4609068841453453824,268.16760852396425,37.213918286624384,0.6830086801753074,18.651260375976562,3734.5515,810.288,0.3915,,-0.5989000201225281,4.867199897766113,392.17161807901005
4609075541602693504,268.23156944181153,37.31312978445129,0.43784102001530695,18.65278434753418,4580.406,1953.2932,0.5351,,-0.7832000255584717,4.741499900817871,420.11873464260094
4609061140576720000,268.38117482008533,37.162115987374456,2.5599674605263267,18.65871810913086,3054.1758,285.9565,0.2836,,-0.6013000011444092,4.606200218200684,283.8146351865361
4609073716240180608,268.26321471250344,37.212324417681785,6.22690967350731,18.66153335571289,,,,,,,118.00953240055838
4609060453381126528,268.32255952545063,37.09817575984003,0.17563681416794202,18.672304153442383,6027.8154,4358.067,0.6449,,-1.5954999923706055,4.701399803161621,412.4686205509442
4609075193708965888,268.2053672739474,37.30084547413622,0.9311078731244945,18.695642471313477,3530.7954,713.4413,0.4483,,-0.39329999685287476,4.725599765777588,427.98089041437214
4609076950351964544,268.27649660616567,37.331011283524695,0.2438906433797817,18.718578338623047,5552.7944,4030.0369,0.6711,,-0.7121999859809875,4.661799907684326,436.4218091663939
4609075129285830912,268.214494923303,37.28083814115219,0.4903513324070929,18.723011016845703,5144.7104,2784.3516,0.5579,,-1.027899980545044,4.746399879455566,357.8484941515876
4609075988279281280,268.3435635968653,37.317798792157454,0.7506895685497288,18.74295997619629,3742.8147,788.1945,0.3614,,-0.7387999892234802,4.905099868774414,397.6718500611469
4609061381094326016,268.3868225913043,37.18660375993451,0.231781340675029,18.74431800842285,5613.327,3633.2346,0.5955,,-1.4315999746322632,4.731900215148926,253.27462661115229
4609076881632486144,268.28218940834665,37.322101113681036,0.269650323996595,18.753053665161133,5517.6094,3420.111,0.5832,,-1.5391000509262085,4.7357001304626465,402.0317720367178
4609061621612421120,268.30095562219344,37.15546315438644,0.008386199620751718,18.760339736938477,6170.453,4744.58,0.6537,,-2.6098999977111816,4.6971001625061035,203.15539212192624
4609074265996007808,268.3072770097564,37.24678604276115,2.2369767810884356,18.785329818725586,3293.2205,389.6915,0.2889,,-0.6039999723434448,4.7906999588012695,126.11870576853357
4609076125718239232,268.29860045275484,37.31222839421994,1.0180536236404667,18.81753921508789,3539.1418,633.3734,0.348,,-0.5379999876022339,4.886499881744385,361.8136353149418
4609067703285944064,268.2281906307847,37.16308360163401,0.7273923432720777,18.82347869873047,3470.2476,652.3223,0.3706,,-0.609499990940094,4.753300189971924,280.23208327393155
4609074373371668736,268.30752170277174,37.27673661934342,1.2892905133940231,18.824974060058594,,,,,,,233.83976734857637
4609055711737234560,268.22031856544896,37.109254447689466,0.24810276683745677,18.82563591003418,5648.072,3843.128,0.6005,,-1.3553999662399292,4.729100227355957,441.03515087999415
4609062514965480832,268.32081029467327,37.2319145479111,0.024695539245364603,18.831018447875977,4011.773,1293.8214,0.4651,,-0.6690999865531921,4.774600028991699,86.30821268567507
4609068635295015680,268.1565193821739,37.17768932302021,0.0877097141196025,18.83181381225586,5807.9624,4130.889,0.6148,,-2.0432000160217285,4.712699890136719,441.4482475143583
4609062102648605056,268.32353677092186,37.192342597558365,0.7657921903240731,18.833742141723633,3508.024,576.9953,0.3354,,-1.2558000087738037,4.540200233459473,89.11670754217583
4609060419021384448,268.34078697738664,37.0907990620826,1.9093133856942586,18.837297439575195,3387.3125,455.8161,0.3117,,-0.863099992275238,4.671299934387207,448.06420760128185
4609074162916793600,268.29791490385605,37.24847023209277,0.6306403131530511,18.858482360839844,3596.0894,702.4498,0.3664,,-0.5324000120162964,4.884900093078613,133.19797265087914
4609064512126660096,268.4016989089331,37.29455940346302,0.24188669024247944,18.874528884887695,4962.7847,2492.9646,0.502,,-1.323199987411499,4.796299934387207,408.02236220328484
4609061591548619008,268.27673352447897,37.15770462157755,0.9945294720621629,18.88502311706543,3546.087,634.579,0.3747,,-0.3684000074863434,4.873600006103516,210.3556758324354
4609074098493673344,268.24612281354206,37.25736724070854,-0.056874658264971886,18.901485443115234,4133.353,1450.7098,0.4762,,-0.7272999882698059,4.773200035095215,233.98080014739776
4609074751328453888,268.19283527336546,37.23921784952483,0.3104402388423185,18.903579711914062,5800.525,4378.153,0.6164,,-1.4208999872207642,4.720300197601318,334.57827621304705
4609062205727828480,268.3670751650138,37.210986739489066,0.7611696088230263,18.919233322143555,3496.6338,742.2748,0.3879,,-0.7246000170707703,4.681000232696533,179.80409873155864
4609076190141390080,268.3225945363159,37.3231155028325,0.5200287657100647,18.92751693725586,4210.296,1203.2289,0.3615,,-1.440000057220459,4.93310022354126,404.01704346517886
4609067668926203904,268.2190541243333,37.15893119239319,1.9448555516066959,18.94375228881836,3282.681,391.6463,0.2794,,-0.28700000047683716,4.966400146484375,310.06437680972925
4609075507241154432,268.2170798815713,37.30036076732238,0.3880438116281883,18.950010299682617,4996.925,2587.2178,0.4997,,-1.4706000089645386,4.799200057983398,405.1393558950658
4609075571666090624,268.21685845295247,37.308249310299324,0.265611098131173,18.965431213378906,4043.0757,1489.992,0.4956,,-0.4348999857902527,4.762700080871582,428.20281735804974
4609075094925846528,268.19825474093557,37.26939675230377,0.26390546010211946,18.96619987487793,4353.4497,1587.7777,0.4258,,-1.19350004196167,4.856400012969971,368.02280823334223
4609075026206374272,268.1633003285376,37.25597391173699,0.7226072492714045,18.97052764892578,3445.9326,647.4182,0.3842,,-0.17589999735355377,4.8643999099731445,434.44792038361334
4609054577865862784,268.30281607857194,37.09302727037526,0.06371335019349954,18.98399543762207,5153.564,2954.3462,0.5219,,-1.49590003490448,4.785900115966797,427.71157991235685
4609063030361791360,268.4369963945553,37.23736418165711,0.7031427525017253,19.01717185974121,,,,,,,391.13677656631796
4609058116919159808,268.40623309345597,37.13634757649966,0.22509619749886664,19.02528190612793,,,,,,,399.0186746843133
4609073613160956416,268.25723698004526,37.19122880431867,0.6077879858143549,19.040143966674805,,,,,,,154.16409594773162
4609076950351963776,268.2778243454249,37.32614248149137,0.7073651448352531,19.040496826171875,,,,,,,418.49483794413055
4609061759051205120,268.25780763280966,37.158686948209734,2.0591037617526813,19.047021865844727,,,,,,,233.31383832186378
4609061312374618112,268.3518908579138,37.18158540666798,0.6557830066291395,19.047666549682617,,,,,,,174.42560390516152
4609067703285948416,268.22938588207654,37.170367768067756,0.16016437501219605,19.05122184753418,,,,,,,261.7700165770668
4609075228068695936,268.24154549214177,37.28062594453496,0.4813827583917451,19.051687240600586,,,,,,,306.1923146963954
4609068875813193984,268.17415556770726,37.226357679383455,0.09707953151387884,19.05344581604004,,,,,,,376.9442882266553
4609055814816457088,268.21367331374813,37.130465257057196,0.46715722515945923,19.057891845703125,,,,,,,391.77547115634593
4609062137008352896,268.3293898140446,37.21495892372064,-0.030741597996864194,19.064987182617188,,,,,,,72.60918975481422
4609063958074505088,268.3521407849662,37.25914594502104,1.2731756997112418,19.06563949584961,,,,,,,218.54416241253276
4609075369803996672,268.2636700938626,37.29885144843551,0.4452934381652442,19.07051658630371,,,,,,,334.2822168881323
4609074682606702336,268.1975825647138,37.21975805546479,0.16046962203383136,19.073328018188477,,,,,,,307.47919186853363
4609060384661646592,268.32661239923436,37.09179324280509,0.882206156394439,19.09370994567871,,,,,,,436.8179431342138
4609075507242953216,268.22458618033727,37.294478706534235,1.0552968226427726,19.105939865112305,,,,,,,375.227779350952
4609063408318916096,268.4358273903618,37.24569983018796,0.08096684021519981,19.111997604370117,,,,,,,396.0467287597346
4609061415453840512,268.36169753033386,37.198468733456785,0.6584718403357692,19.117115020751953,,,,,,,171.26688885790935
4609074373371576448,268.3139130364438,37.27855702231482,0.5081569572042115,19.121002197265625,,,,,,,241.77033513614285
4609076022639019776,268.3489600704771,37.3222588130844,,19.122596740722656,,,,,,,417.56611090610653
4609075434227136512,268.254136112177,37.305256647869996,2.0914219332081716,19.14409828186035,,,,,,,365.8421386728999
4609067845021023616,268.19094319071144,37.16771059298187,1.7254754972470108,19.149036407470703,,,,,,,362.0018422274615
4609074300355750272,268.31911188218294,37.252889800853524,0.23612617571341063,19.155303955078125,,,,,,,153.7370286386599
4609062244383924864,268.3404010748043,37.21261132471011,1.1898523430531915,19.155534744262695,,,,,,,103.3391162606539
4609075404163843968,268.27508316602604,37.31496676426979,0.17366434855209556,19.155548095703125,,,,,,,380.65767302263083
4609060938713860096,268.36903852120247,37.13889675887485,0.6264856628798071,19.160898208618164,,,,,,,321.4740817143474
4609063206456594944,268.44938820062794,37.22977038638444,0.29311259264884754,19.173105239868164,,,,,,,420.71147594410763
4609076022639110912,268.3593633619728,37.32055722592387,0.4728880047983073,19.17808723449707,,,,,,,421.9388192964392
4609061827770690048,268.2524311806548,37.1759846434227,0.07076340759913906,19.180131912231445,,,,,,,197.0724192261943
4609068734078113920,268.15647638566054,37.20718148991298,0.26299097545404826,19.18537712097168,,,,,,,424.36452299924593
4609076022639618432,268.35226945010237,37.322199782198844,0.03785794328599174,19.19656753540039,,,,,,,420.36274709295077
4609062308807039488,268.30918764689403,37.20385912191695,1.563881330398093,19.214027404785156,,,,,,,31.844604397455875
4609062377526522752,268.2918646385352,37.218740920348296,0.482710080379869,19.21950340270996,,,,,,,43.641172401978366
4609075846544109568,268.3211167508749,37.28001304177818,-0.25467869753686756,19.220256805419922,,,,,,,250.10779301479798
4609062652404647936,268.40221100140513,37.19102514048768,2.8188613458286027,19.22844886779785,,,,,,,290.3776690449018
4609059766186627072,268.45663561453483,37.19550975080762,0.36216939301659234,19.243051528930664,,,,,,,440.534906996271
4609073823613938560,268.2604426521409,37.22947111915805,1.8680958876812526,19.249732971191406,,,,,,,141.03785353492358
4609075541602693376,268.22904059050506,37.31022716664411,0.45521300619654553,19.26422691345215,,,,,,,414.806497888529
4609060595113823360,268.3394976847762,37.1126197238363,0.5098096455584554,19.283958435058594,,,,,,,371.1012324313588
4609060796978519808,268.32890489143415,37.125253939327564,0.12255881063381727,19.285888671875,,,,,,,319.5202235496893
4609061179232637440,268.39849077291933,37.186302574446074,0.9992363758904359,19.287778854370117,,,,,,,285.1098023229628
4609075953919541120,268.36214693819517,37.31637287946563,0.07241580617893795,19.288389205932617,,,,,,,411.1507589156278
4609058116919165568,268.40676910278995,37.152239390856764,-0.21618751596834238,19.289878845214844,,,,,,,363.7024268419687
4609062927282568576,268.38253106015907,37.222264028721284,0.5279370875458631,19.292457580566406,,,,,,,227.20174957179916
4609074265996011392,268.30011345209545,37.252669141216415,0.06943032886688691,19.293132781982422,,,,,,,147.5279209434408
4609068772734226816,268.1774391939101,37.204571668880185,0.7319976444163289,19.30415153503418,,,,,,,364.8740851043291
4609055952255425280,268.2424800852032,37.167491240153275,0.3489524619468427,19.304506301879883,,,,,,,238.71056338358747
4609054822680954880,268.27399080427796,37.09548685121086,0.7134167091902721,19.31107521057129,,,,,,,427.80838187121617
4609059628747660672,268.42592026009225,37.168620677698414,0.8587933370230826,19.314289093017578,,,,,,,381.72122982222976
4609057910760719872,268.3895949183449,37.11488345217815,0.5146169454484713,19.316364288330078,,,,,,,426.12833273877175
4609062274447310464,268.34556545768174,37.22615547122078,-0.101114069261838,19.31960105895996,,,,,,,128.86669353308633
4609063683196585600,268.3714799112743,37.23100180675183,0.861990405401385,19.32353973388672,,,,,,,204.38806743268665
4609055814816457728,268.21868919960195,37.131880915512426,0.6864484737610399,19.323667526245117,,,,,,,378.48016282255463
4609062549325225984,268.32721536791075,37.24845718354396,1.0353901417323583,19.33152961730957,,,,,,,147.22324625358291
4609063064721531008,268.4126583656633,37.24363739289423,0.4071368886000838,19.335397720336914,,,,,,,330.8494050357751
4609063756212414208,268.3655620265259,37.246674512855265,0.6359258328411227,19.33623504638672,,,,,,,215.63937638886077
4609074815751824512,268.22356032085827,37.25359060975247,0.5996400379752183,19.341535568237305,,,,,,,276.13691797931466
4609059804843102208,268.45886027317846,37.200111969689736,0.24404251913694203,19.341760635375977,,,,,,,444.9691085910942
4609074888767410176,268.2128496847757,37.26300768752911,0.5749344962335429,19.357526779174805,,,,,,,320.5459701672965
4609060556460350592,268.35559411503004,37.12170295961215,1.3739116809281913,19.364187240600586,,,,,,,356.1816781165066
4609062308807036160,268.3067278615695,37.195018558296084,2.0761288876162536,19.374345779418945,,,,,,,60.89594678059479
4609073750599916928,268.27247138171174,37.207261474440955,0.1324792484179739,19.37527847290039,,,,,,,92.9265569029985
4609055711737235328,268.2287658815541,37.11054083037647,0.10066139817421806,19.37743377685547,,,,,,,424.27739895749534
4609062587979442688,268.4190152381678,37.18029951497379,1.0390651788509762,19.391569137573242,,,,,,,347.8047464193645
4609060869992533504,268.32565281139097,37.144031210624895,0.3646461116766107,19.397348403930664,,,,,,,251.59217988166097
4609062549325227776,268.33701920343066,37.251543452341615,-0.19055869424533442,19.398157119750977,,,,,,,170.87346636510784
4609074918831049472,268.2185859616665,37.27886010279144,0.18034547983025814,19.40550422668457,,,,,,,344.4821352729176
4609075953917716736,268.3590924735646,37.30621688645179,2.451260838119234,19.40775489807129,,,,,,,374.2245676255462
4609067913740508800,268.17027060728674,37.18465195055809,1.120443498553999,19.414426803588867,,,,,,,396.7933722309806
4609061346734358528,268.37316204351424,37.18663830709815,0.4877502826738312,19.426498413085938,,,,,,,217.10977363424934
4609074716968964224,268.21508215824485,37.23393278790186,0.16163320097369846,19.443920135498047,,,,,,,268.04108649866265
4609076263157194112,268.3109334656598,37.33579445744587,1.0207640332433445,19.445478439331055,,,,,,,446.66938902316645
4609073819319404288,268.26258668071927,37.235322564807525,0.33867060305377666,19.45404815673828,,,,,,,146.62795410902862
4609074613890346112,268.27358348215523,37.28199905621195,0.08176517831041662,19.456195831298828,,,,,,,267.57422219097134
4609058116919163392,268.4063169075008,37.14635339836303,0.37737919817399923,19.456693649291992,,,,,,,375.5879713490402
4609074820047926144,268.2200230224086,37.24284155421447,0.7004574794232882,19.4583683013916,,,,,,,266.3112364456813
4609063854995521664,268.40066125439074,37.266646928616744,0.9211289107204746,19.46247100830078,,,,,,,339.2693777472716
4609055746096977280,268.22266340737997,37.12097364120728,0.6443047484718515,19.466459274291992,,,,,,,402.39997972787296
4609060796978521728,268.32908204197304,37.130466135438716,0.2958834433696086,19.475465774536133,,,,,,,301.3641053696136
4609073926694723584,268.20973467803896,37.217172516633944,0.41492272846082856,19.498592376708984,,,,,,,271.9981761557277
4609067840728723456,268.18059750793964,37.16779272811832,0.45593434609549993,19.502166748046875,,,,,,,388.76097793218935
4609076091358496768,268.32494540504814,37.305134449356515,0.31538626440704154,19.50408363342285,,,,,,,341.031589439462
4609067948100238080,268.2045268159551,37.176931233512136,,19.505107879638672,,,,,,,312.6747413386159
4609062137008350080,268.3347423806546,37.20801202368523,0.07822983514684093,19.50774383544922,,,,,,,88.15754913408183
4609054818384035584,268.27344197825835,37.10419112247,0.42228423268746795,19.512746810913086,,,,,,,397.5291076843951
4609059560028182272,268.43694268593055,37.16367358674162,0.3906911008320731,19.514240264892578,,,,,,,417.8709394688461
4609068051177193728,268.196372894644,37.212800450599936,0.2014423032161586,19.51665496826172,,,,,,,309.65357681388144
4609062278741822720,268.3493793108151,37.2282991391104,,19.519554138183594,,,,,,,141.99884032776347
4609075644681907200,268.2493425236767,37.31996595982098,-0.17431496357134313,19.523218154907227,,,,,,,420.00328425377967
4609062691060520192,268.41626906104597,37.211719941052294,1.2868110225386122,19.526763916015625,,,,,,,320.81971769568975
4609059564322453248,268.43838450722643,37.15173915793109,1.0119941165894577,19.53009796142578,,,,,,,441.07084122644665
4609058018136097280,268.39258053967336,37.13791603699179,0.2987163413231795,19.53233528137207,,,,,,,367.18621356466815
4609061106216412288,268.3991420538542,37.17132497322969,0.4513500868542737,19.54680633544922,,,,,,,308.4334713568446
4609055647313878016,268.25191684519854,37.12230344714277,0.165856401889671,19.551395416259766,,,,,,,355.69211200637693
4609074162916788352,268.29612620607975,37.23462572005344,0.7172181059012402,19.552797317504883,,,,,,,85.40139287072289
4609061037496928512,268.3744045010507,37.1569132835532,0.4542462457550255,19.557270050048828,,,,,,,281.83536324316077
4609064134169538560,268.3804531394182,37.2844902601134,0.19865327299282726,19.568992614746094,,,,,,,340.5281277184448
4609059663107404800,268.4399236673305,37.17812553448498,0.04034409998974608,19.575756072998047,,,,,,,407.2214448204589
4609067948101018752,268.2036244867159,37.1766512509366,0.5798179552965558,19.609785079956055,,,,,,,315.44980419546766
4609073892334978944,268.2306026976997,37.210149620009076,,19.610036849975586,,,,,,,211.58582160035553
4609061759051207680,268.2605572775357,37.163972343135896,0.055294998229042346,19.61382484436035,,,,,,,213.24104372051806
4609074854407920640,268.23323245045503,37.271005140262695,0.8210586715005548,19.6248779296875,,,,,,,294.8704857776591
4609062794140340608,268.42774659894985,37.20806043834971,-0.17429676714578046,19.633148193359375,,,,,,,353.9949893483548
4609061969505753728,268.2705747572643,37.19804380425124,-0.19364720343011538,19.63390350341797,,,,,,,108.8730192983853
4609067909444384128,268.1806414834905,37.18530681683279,0.03893093586580612,19.65858268737793,,,,,,,367.4242499591562
4609074339012434688,268.30154960960374,37.26288674308637,0.3114983042397272,19.661237716674805,,,,,,,183.98352736098292
4609074751328453248,268.18997887222963,37.234356431020146,0.8408062819340093,19.66474151611328,,,,,,,337.7979803222999
4609062789843612544,268.42943055327686,37.21727563659267,0.5919891300017011,19.685834884643555,,,,,,,359.0767021807729
4609060762618787200,268.3071222665127,37.142268846970836,0.5627038062374289,19.68635368347168,,,,,,,250.54299372178778
4609074270290532736,268.3080067478823,37.246222969146906,0.33295148559590937,19.689159393310547,,,,,,,124.2540917048826
4609061449813583872,268.37063178179926,37.210172168672045,0.6970995235483158,19.70638656616211,,,,,,,190.07028079736514
4609062961642314240,268.3957347960697,37.236375771921914,0.4385876795885651,19.717571258544922,,,,,,,276.4093822602228
4609075537306349952,268.2333710801283,37.30115392730423,0.31568737386701623,19.72464942932129,,,,,,,380.5171419949044
4609068051179459456,268.1971062879342,37.19668822621962,0.44735575819232626,19.727785110473633,,,,,,,312.356912407698
4609062377526519040,268.294931511626,37.21084994754343,0.03143261685855442,19.736827850341797,,,,,,,27.29156112351648
4609073716240179968,268.26288435354945,37.20985860230769,0.6108099787756857,19.737709045410156,,,,,,,119.15663414660087
4609059663107408128,268.438190637564,37.18689148398821,0.8261508220378874,19.738540649414062,,,,,,,394.09515675978514
4609074231636275968,268.28551392360714,37.258690529785156,0.5239330542384966,19.741174697875977,,,,,,,177.1454787734501
4609057949416619264,268.3985556482869,37.121278826743264,0.6989917564150381,19.74118423461914,,,,,,,423.4034343539198
4609062068288865152,268.341440362239,37.18865032455359,0.5157874192534012,19.745912551879883,,,,,,,135.1378817577199
4609067222249598464,268.1764087169631,37.142819103565685,0.6114073127350259,19.746681213378906,,,,,,,443.2167508926287
4609075575960632576,268.21667553314853,37.30904738795568,-0.02706172710826809,19.748117446899414,,,,,,,430.83975974342457
4609060487740868608,268.3238717878711,37.108490018176845,1.2278838608254021,19.749210357666016,,,,,,,376.20605135200844
4609074888768175616,268.2075722751949,37.257630497808066,0.6453332448840317,19.75888442993164,,,,,,,322.73941546939545
4609074540873927936,268.2829191053721,37.27847785498257,0.37552918981078937,19.766075134277344,,,,,,,247.68422702539425
4609073578801212672,268.239797284367,37.17884786994276,-0.06108727999643098,19.77611541748047,,,,,,,219.9726586102965
4609062003863929344,268.2880561161027,37.21287405525027,0.1421008243160539,19.77689552307129,,,,,,,46.92528917838109
4609073892334979072,268.2333137566328,37.213623161584096,0.3660823685006076,19.78959846496582,,,,,,,203.82412886635535
4609055643017761920,268.257312666652,37.12033391495445,1.6315963923114751,19.804317474365234,,,,,,,355.976126116803
4609061351028869760,268.3809681344126,37.18416159055225,0.1279969582286607,19.812551498413086,,,,,,,241.17855982015016
4609062343166781568,268.31282930875363,37.212412837936824,0.1963925833188447,19.816287994384766,,,,,,,24.342099430172247
4609064232952644864,268.41719140259096,37.26880402133093,0.1522136859456138,19.81817626953125,,,,,,,382.90857414258755
4609063751916069504,268.3637114352304,37.24861133857776,0.37717254226556207,19.82382583618164,,,,,,,215.55704817138223
4609061449813807232,268.37732311216473,37.19683195044627,0.10805780990648606,19.826501846313477,,,,,,,216.03527588829382
4609067634570292352,268.194896671352,37.15450614946666,0.23715862571712382,19.833925247192383,,,,,,,375.73174356516876
4609061896490167040,268.27974586735087,37.17629950910127,0.14034346046476656,19.83595085144043,,,,,,,146.1072449130985
4609060968777449728,268.3841789916606,37.15140762163159,0.3393163658331435,19.839143753051758,,,,,,,315.7733716946912
4609073892332706048,268.2291125245278,37.22269841058197,0.8870179471082542,19.839630126953125,,,,,,,219.27316886273474
4609063477038400000,268.43521572223955,37.267071518130024,0.39599184566063766,19.842336654663086,,,,,,,424.4725120228423
4609061385388609280,268.3874105681804,37.19384733287762,1.2630533257268561,19.855655670166016,,,,,,,246.7518696239021
4609074613889750912,268.27079171196476,37.290049803173865,-0.06001263316178583,19.862619400024414,,,,,,,297.5791269565562
4609062961642312064,268.3930106912028,37.23161081614117,1.3528897986879778,19.884111404418945,,,,,,,263.89289509249386
4609061694627833984,268.29010424276294,37.16767409998672,1.0052145485051611,19.891841888427734,,,,,,,164.14079391439796
4609061969505752704,268.2689435364291,37.19345765967448,1.42824459832461,19.89289665222168,,,,,,,121.2174015177266
4609061694625505664,268.29730444868,37.16973993684975,0.7536065571833289,19.8939208984375,,,,,,,152.8718401734354
4609061660265762304,268.3165671996662,37.17058538399946,1.0729482301695115,19.89563751220703,,,,,,,152.54340577600567
4609074991847391488,268.18741116440816,37.258198726956756,0.5464065118606836,19.897403717041016,,,,,,,374.4891260922725
4609063756210571008,268.36589318304533,37.23521324764804,2.1521043571538443,19.899333953857422,,,,,,,195.4220984162843
4609067737645683072,268.2075445165162,37.164939048774684,0.06954732750956198,19.902788162231445,,,,,,,324.974602296419
4609075919559801088,268.35559189422503,37.29353139135845,0.16408988968291602,19.906614303588867,,,,,,,328.7144983307424
4609061174935895552,268.39582306218927,37.185397924452424,0.06356147500864008,19.908655166625977,,,,,,,278.97467740032306
4609073651816803968,268.2348442679343,37.190620931645164,0.9109253211961774,19.911720275878906,,,,,,,213.48437663112745
4609064507830562560,268.3999398153737,37.301319660335025,0.38146140214216473,19.911766052246094,,,,,,,422.82148364160696
4609069047611888768,268.1523875325374,37.21934761368673,0.38958696212060756,19.919723510742188,,,,,,,436.56245783497343
4609060522104486400,268.35804039185325,37.114401356873586,1.1932044473878647,19.927751541137695,,,,,,,383.05028143247495
4609063962369010048,268.35360879570277,37.24493604673545,1.1596334264108503,19.92786979675293,,,,,,,184.72814628146696
4609061969503446144,268.2693638760032,37.19341770094478,0.661972926474559,19.943321228027344,,,,,,,120.28836320901046
4609075434227138304,268.2545483409446,37.310189781711976,0.6572949274625598,19.94899559020996,,,,,,,381.78806129490727
4609075812184252288,268.3429950905265,37.29004182432718,1.0163830375292857,19.95003890991211,,,,,,,302.5369859352715
4609061930849915392,268.2935088921628,37.199974961910264,0.5275531941419623,19.98231315612793,,,,,,,52.83206833305427
4609067428408029952,268.1723375445906,37.14450665030777,-0.049424615296635374,19.986263275146484,,,,,,,449.6275252702884
4609075266722975872,268.256782146028,37.293709881796765,0.2979679119226857,19.988422393798828,,,,,,,324.7833151902756
4609062583685167744,268.41848007051664,37.1823776784601,0.0012599143777664717,19.994504928588867,,,,,,,343.97098421457383
